City_ID,City,Lat,Lng,Max Temp,Humidity,Cloudiness,Wind Speed,Country,Date
0,bethel,41.3712,-73.414,28.44,80,97,0.89,US,1720569655
1,happy valley-goose bay,53.3168,-60.3315,18.17,100,100,1.54,CA,1720569955
2,tura,25.5198,90.2201,24.29,99,100,3.05,IN,1720569783
3,adamstown,-25.066,-130.1015,20.09,58,99,4.65,PN,1720569956
4,daru,-9.0763,143.2092,25.63,82,80,7.16,PG,1720569957
5,egilsstadir,65.2653,-14.3948,12.95,71,0,4.63,IS,1720569851
6,thompson,55.7435,-97.8558,24.09,43,40,2.06,CA,1720569765
7,puerto natales,-51.7236,-72.4875,5.08,83,98,6.79,CL,1720569694
8,kingston,17.997,-76.7936,31.53,66,20,7.2,JM,1720569960
9,bredasdorp,-34.5322,20.0403,11.19,79,87,9.42,ZA,1720569961
10,puerto ayora,-0.7393,-90.3518,20.86,100,80,2.76,EC,1720569961
11,blackmans bay,-43.0167,147.3167,12.07,96,100,2.85,AU,1720569962
12,horta,38.5333,-28.6333,22.79,87,60,0.89,PT,1720569963
13,port-aux-francais,-49.35,70.2167,4.61,86,71,12.32,TF,1720569964
14,gimbi,9.1667,35.8333,11.92,93,56,0.9,ET,1720569965
15,kodiak,57.79,-152.4072,10.73,100,100,3.6,US,1720569965
16,margaret river,-33.95,115.0667,14.54,60,93,11.1,AU,1720569966
17,baardheere,2.3446,42.2764,24.92,78,91,5.56,SO,1720569967
18,road town,18.4167,-64.6167,29.05,79,20,4.12,VG,1720569949
19,qaqortoq,60.7167,-46.0333,4.6,99,100,3.21,GL,1720569968
20,badger,64.8,-147.5333,15.0,86,100,1.44,US,1720569713
21,naze,28.3667,129.4833,28.51,78,41,6.88,JP,1720569970
22,henderson,36.0397,-114.9819,48.71,10,0,5.14,US,1720569813
23,waitangi,-43.9535,-176.5597,8.79,86,94,1.79,NZ,1720569700
24,caleta olivia,-46.4393,-67.5281,2.66,64,50,5.51,AR,1720569972
25,haiku-pauwela,20.9219,-156.3051,29.01,57,40,11.83,US,1720569973
26,paveh,35.0434,46.3565,21.4,32,0,1.13,IR,1720569974
27,sinjai,-5.1241,120.253,25.45,83,100,1.59,ID,1720569974
28,grytviken,-54.2811,-36.5092,-1.3,88,91,4.98,GS,1720569701
29,huarmey,-10.0681,-78.1522,18.04,82,31,4.94,PE,1720569976
30,edinburgh of the seven seas,-37.0676,-12.3116,12.24,79,90,10.29,SH,1720569977
31,kenai,60.5544,-151.2583,17.05,72,100,4.12,US,1720569977
32,ippy,6.2679,21.2247,21.08,99,100,2.56,CF,1720569978
33,kalkaman,51.9525,76.0211,18.7,62,33,2.37,KZ,1720569979
34,eyl,7.9803,49.8164,25.95,82,66,11.62,SO,1720569980
35,stanley,54.868,-1.6985,13.73,96,100,0.56,GB,1720569981
36,argo,37.6333,22.7333,30.44,33,0,3.21,GR,1720569981
37,yatou,37.15,122.3833,27.01,79,86,4.64,CN,1720569982
38,villa gesell,-37.2639,-56.973,2.25,57,39,0.95,AR,1720569983
39,masterton,-40.9597,175.6575,11.6,64,39,0.41,NZ,1720569700
40,tarakan,3.3,117.6333,25.72,94,75,1.03,ID,1720569984
41,salaverry,-8.2333,-78.9667,16.21,87,18,3.9,PE,1720569985
42,kirensk,57.7853,108.1119,23.79,69,84,0.05,RU,1720569986
43,fayetteville,35.0527,-78.8784,32.29,69,0,4.12,US,1720569987
44,muli,2.9167,73.5667,28.43,74,32,2.71,MV,1720569988
45,fort mcmurray,56.7268,-111.381,33.73,31,0,4.12,CA,1720569854
46,benoy,8.9833,16.3199,23.6,87,100,2.75,TD,1720569989
47,lucea,18.451,-78.1736,29.92,82,91,5.73,JM,1720569990
48,praia da vitoria,38.7333,-27.0667,25.14,83,40,5.26,PT,1720569806
49,isafjordur,66.0755,-23.124,7.7,79,97,3.79,IS,1720569827
50,chibougamau,49.9168,-74.3659,20.79,73,40,4.63,CA,1720569992
51,casilda,-33.0442,-61.1681,4.7,51,0,2.94,AR,1720569993
52,mount darwin,-16.7725,31.5838,8.62,34,0,0.95,ZW,1720569994
53,ta`u,-14.2336,-169.5144,25.99,79,99,13.25,AS,1720569951
54,mil'kovo,55.6078,37.7956,20.75,70,4,3.74,RU,1720569996
55,betong,5.7743,101.0723,22.27,99,100,0.66,TH,1720569997
56,whitehorse,60.7161,-135.0538,23.78,34,75,6.17,CA,1720569948
57,tsiombe,-25.3,45.4833,17.36,94,3,1.21,MG,1720569999
58,gadzhiyevo,69.2551,33.3362,9.64,80,69,2.9,RU,1720569999
59,namibe,-15.1961,12.1522,17.52,88,63,3.61,AO,1720570000
60,tolanaro,-25.0319,46.9987,17.6,80,0,2.08,MG,1720570001
61,port alfred,-33.5906,26.891,19.24,45,82,12.66,ZA,1720570002
62,luderitz,-26.6481,15.1594,13.56,46,31,3.01,NA,1720569964
63,port mathurin,-19.6833,63.4167,22.22,62,63,5.95,MU,1720569742
64,albany,42.6001,-73.9662,29.21,68,95,0.89,US,1720570004
65,cartagena,10.3997,-75.5144,29.79,79,20,3.6,CO,1720570005
66,barinas,8.6226,-70.2075,24.29,91,90,1.6,VE,1720570005
67,invercargill,-46.4,168.35,7.23,85,85,1.79,NZ,1720569714
68,west island,-12.1568,96.8225,27.99,94,20,2.57,CC,1720570007
69,carnot,4.9409,15.8665,21.2,97,100,0.61,CF,1720570008
70,hawaiian paradise park,19.5933,-154.9731,27.71,71,40,1.34,US,1720570009
71,bilibino,68.0546,166.4372,17.16,43,10,5.1,RU,1720570010
72,iqaluit,63.7506,-68.5145,3.02,95,100,0.75,CA,1720570010
73,trevelin,-43.0858,-71.4639,-2.29,91,7,1.27,AR,1720570011
74,touros,-5.1989,-35.4608,24.77,85,2,4.46,BR,1720570012
75,holualoa,19.6228,-155.9522,26.91,82,75,6.17,US,1720570013
76,hermanus,-34.4187,19.2345,13.78,78,96,11.11,ZA,1720570013
77,fort bragg,35.139,-79.006,31.91,67,20,4.12,US,1720570014
78,goure,13.9835,10.2704,32.44,42,55,6.15,NE,1720570015
79,st. john's,47.5649,-52.7093,19.04,91,61,0.89,CA,1720569823
80,flying fish cove,-10.4217,105.6791,25.82,83,75,6.17,CX,1720570017
81,pizarro,4.9533,-77.366,25.88,88,90,2.36,CO,1720570017
82,abadeh,31.1608,52.6506,24.55,20,14,2.6,IR,1720570018
83,olonkinbyen,70.9221,-8.7187,4.0,90,100,8.23,SJ,1720570019
84,iquique,-20.2208,-70.1431,16.02,82,11,2.76,CL,1720570020
85,acarau,-2.8856,-40.12,25.64,83,5,6.57,BR,1720570020
86,itaituba,-4.2761,-55.9836,25.31,70,62,0.52,BR,1720570021
87,ribeira grande,38.5167,-28.7,22.65,87,51,1.34,PT,1720569727
88,kingsville,27.5159,-97.8561,32.97,70,0,4.12,US,1720570023
89,qarazhal,48.0078,70.7903,17.29,68,3,3.55,KZ,1720570024
90,yesilhisar,38.3497,35.0867,19.79,67,21,2.08,TR,1720570024
91,mount pearl,47.5166,-52.7813,18.58,91,65,2.68,CA,1720570025
92,palikir - national government center,6.9248,158.1611,30.47,74,100,5.14,FM,1720569798
93,ilulissat,69.2167,-51.1,2.38,99,100,1.89,GL,1720570027
94,ebon,4.582,168.6964,28.78,76,29,4.4,MH,1720570027
95,al artawiyah,26.5053,45.3444,32.2,16,7,4.76,SA,1720570028
96,coyhaique,-45.5752,-72.0662,-2.0,98,50,2.54,CL,1720570029
97,siwa oasis,29.2041,25.5195,29.55,41,0,4.11,EG,1720570030
98,papao,-17.75,-149.55,27.82,71,59,0.96,PF,1720570031
99,college,64.8569,-147.8028,15.6,85,100,2.06,US,1720570032
100,tazovsky,67.4667,78.7,11.87,69,87,5.0,RU,1720570032
101,manismata,-2.4667,111.0333,24.65,87,90,1.72,ID,1720570033
102,constantia,44.1833,28.65,26.5,52,0,5.04,RO,1720569845
103,taroa,8.7058,171.2275,28.1,71,31,8.5,MH,1720570035
104,mili,6.0815,171.735,28.2,80,68,8.29,MH,1720570035
105,salalah,17.0151,54.0924,27.05,94,100,2.57,OM,1720570036
106,floro,61.5996,5.0328,13.04,93,53,3.09,NO,1720570037
107,farkhor,37.4922,69.4036,26.34,28,61,0.54,TJ,1720570038
108,novodvinsk,64.4165,40.8122,15.86,93,84,2.11,RU,1720570039
109,inarajan village,13.2736,144.7484,30.78,88,29,7.35,GU,1720570040
110,uyuni,-20.4597,-66.825,1.44,19,0,9.97,BO,1720570041
111,corinto,37.9407,22.9573,30.5,50,0,2.47,GR,1720570042
112,havre,49.5833,0.3333,18.87,82,75,3.6,FR,1720570042
113,mejit,10.2753,170.8646,27.74,71,47,7.66,MH,1720569986
114,lebu,-37.6167,-73.65,6.3,74,0,5.22,CL,1720570044
115,ar raqqah,35.95,39.0167,29.99,57,16,5.92,SY,1720570045
116,afaahiti,-17.75,-149.2833,26.93,74,50,2.08,PF,1720569825
117,arucas,28.1198,-15.5233,21.43,91,40,5.26,ES,1720570046
118,petropavlovsk-kamchatsky,53.0452,158.6483,11.33,100,100,3.0,RU,1720570047
119,walvis bay,-22.9575,14.5053,11.16,66,0,4.29,NA,1720570048
120,wailua homesteads,22.0669,-159.378,27.29,70,21,3.58,US,1720569750
121,itamaraca,-7.7478,-34.8256,23.94,89,15,3.32,BR,1720570049
122,kapuskasing,49.4169,-82.4331,21.8,73,47,1.62,CA,1720570050
123,nar'yan-mar,67.6713,53.087,16.49,97,93,3.2,RU,1720570051
124,pilar,-9.5972,-35.9567,21.11,96,2,0.85,BR,1720570052
125,tamarin,-20.3256,57.3706,19.18,86,4,2.93,MU,1720570052
126,jamestown,42.097,-79.2353,24.77,100,75,2.06,US,1720570053
127,tambura,5.6,27.4667,21.65,86,66,1.81,SS,1720570054
128,mareeba,-17.0,145.4333,23.6,71,62,1.45,AU,1720570055
129,ghat,24.9647,10.1728,29.57,14,7,1.91,LY,1720569787
130,mohale's hoek,-30.1514,27.4769,3.04,35,71,3.85,LS,1720570056
131,nemuro,43.3236,145.575,14.5,99,100,1.77,JP,1720570057
132,florence,43.7667,11.25,24.61,70,0,2.06,IT,1720570058
133,newport,51.5877,-2.9984,16.92,90,73,5.31,GB,1720570058
134,antsiranana,-12.2787,49.2917,21.36,70,10,6.07,MG,1720570059
135,georgetown,5.4112,100.3354,24.97,94,20,1.54,MY,1720570060
136,barra,-11.0894,-43.1417,23.73,52,9,3.03,BR,1720570061
137,itarantim,-15.6597,-40.0656,18.51,94,46,1.29,BR,1720570062
138,sao tome,0.3365,6.7273,23.65,78,97,3.63,ST,1720570062
139,sitka,57.0531,-135.33,12.94,94,100,3.6,US,1720569876
140,malango,-2.9627,119.9001,20.31,92,97,0.59,ID,1720570065
141,chaman,30.9236,66.4512,27.15,28,4,2.26,PK,1720570065
142,kuta,-8.7233,115.1723,26.97,89,75,5.66,ID,1720570066
143,ma'an,26.9775,110.7211,27.14,79,60,1.88,CN,1720570067
144,ashland,40.8167,-82.2665,27.3,93,100,3.63,US,1720569934
145,rupert,42.6191,-113.6772,32.97,25,0,3.6,US,1720569928
146,el alto,-4.2714,-81.2147,17.81,84,23,7.89,PE,1720570070
147,tralee,52.2704,-9.7026,12.48,97,92,1.99,IE,1720569813
148,udachny,66.4167,112.4,23.17,52,100,4.87,RU,1720569939
149,labytnangi,66.6572,66.4183,17.35,65,6,0.89,RU,1720570072
150,saipan,15.1355,145.701,32.39,70,40,6.69,MP,1720570073
151,faaa,-17.55,-149.6,27.98,65,20,4.02,PF,1720570074
152,klyuchi,52.2667,79.1667,16.07,81,15,2.51,RU,1720570075
153,inonu,37.3167,33.7667,20.2,60,1,2.83,TR,1720570075
154,ushuaia,-54.8,-68.3,3.81,87,75,17.49,AR,1720570076
155,east london,-33.0153,27.9116,21.22,28,85,8.85,ZA,1720570077
156,ben gardane,33.1378,11.2197,29.16,40,8,3.01,TN,1720570078
157,yellowknife,62.456,-114.3525,24.67,63,100,3.48,CA,1720570078
158,howard springs,-12.497,131.047,27.15,61,41,5.11,AU,1720570079
159,ola,59.5833,151.2833,19.1,51,49,6.41,RU,1720570028
160,al mijlad,11.0333,27.7333,28.95,53,64,4.57,SD,1720570081
161,alofi,-19.0595,-169.9187,23.94,57,75,9.26,NU,1720570081
162,hamilton,39.1834,-84.5333,29.35,75,100,2.68,US,1720569726
163,san luis de la loma,17.2706,-100.8939,26.89,87,100,0.56,MX,1720570083
164,enzan,35.7,138.7333,26.61,76,85,1.32,JP,1720570084
165,howrah,22.5892,88.3103,29.0,94,75,3.09,IN,1720570084
166,malabar,-33.9667,151.25,16.53,70,40,4.12,AU,1720570085
167,rabaul,-4.1967,152.1721,28.91,72,80,5.35,PG,1720570086
168,kapa'a,22.0752,-159.319,29.18,68,40,6.69,US,1720570088
169,trincomalee,8.5711,81.2335,27.36,75,64,8.78,LK,1720570088
170,longyearbyen,78.2186,15.6401,4.91,81,75,9.77,SJ,1720570089
171,azemmour,33.2895,-8.3425,20.0,87,0,5.76,MA,1720570090
172,guerrero negro,27.9769,-114.0611,22.56,66,2,6.16,MX,1720569824
173,trikala,39.5553,21.7675,26.15,32,0,1.57,GR,1720570091
174,namtsy,62.7161,129.6658,17.09,71,88,4.48,RU,1720570092
175,santyoku,37.4406,129.1708,21.47,97,100,1.46,KR,1720570093
176,borkum,53.5809,6.6915,18.97,92,100,3.32,DE,1720570094
177,labrador city,52.9463,-66.9114,15.11,89,100,1.74,CA,1720570095
178,kruisfontein,-34.0033,24.7314,12.71,71,53,3.23,ZA,1720569867
179,zaozersk,69.4005,32.4476,9.99,75,86,1.95,RU,1720570097
180,chebba,35.2372,11.115,25.89,66,0,1.68,TN,1720570098
181,anloga,5.7947,0.8973,24.8,87,32,5.96,GH,1720570099
182,quellon,-43.1167,-73.6167,3.96,82,10,2.55,CL,1720570100
183,karachayevsk,43.774,41.9142,17.08,81,100,2.22,RU,1720570101
184,cookeville,36.1628,-85.5016,30.44,66,0,6.69,US,1720570101
185,tidjikja,18.5564,-11.4271,33.78,13,5,2.34,MR,1720570102
186,plastun,44.7561,136.2939,21.34,51,40,1.23,RU,1720570103
187,prado,-17.3411,-39.2208,24.1,82,8,4.76,BR,1720570104
188,soio,-6.1349,12.3689,20.61,93,31,2.71,AO,1720570105
189,puerto san jose,13.9256,-90.8244,28.03,79,100,2.06,GT,1720570105
190,minas de marcona,-15.2119,-75.1103,10.39,88,7,5.82,PE,1720570106
191,nema,57.5067,50.5011,19.35,72,44,2.12,RU,1720570107
192,vilyuchinsk,52.9306,158.4028,12.15,95,100,1.51,RU,1720570108
193,salekhard,66.53,66.6019,17.46,63,11,1.11,RU,1720570109
194,prince rupert,54.3161,-130.3201,18.05,76,0,4.63,CA,1720569904
195,al kharj,24.155,47.3346,31.49,18,13,1.03,SA,1720570111
196,port elizabeth,-33.918,25.5701,14.06,80,43,3.58,ZA,1720570112
197,codrington,-38.2667,141.9667,8.68,82,2,4.06,AU,1720570112
198,utrik,11.2278,169.8474,27.86,73,15,7.84,MH,1720570113
199,papatowai,-46.5619,169.4708,9.97,70,63,2.73,NZ,1720570114
200,chonchi,-42.6128,-73.8092,3.95,94,2,1.54,CL,1720570115
201,carnarvon,-24.8667,113.6333,21.73,88,2,2.94,AU,1720570078
202,zalingei,12.9096,23.4741,25.74,64,97,1.59,SD,1720570116
203,laguna,38.421,-121.4238,39.49,33,0,4.12,US,1720570117
204,fisterra,42.9049,-9.2629,18.34,98,98,4.56,ES,1720570119
205,aral,40.5156,81.2636,25.79,29,2,3.06,CN,1720570119
206,vila do maio,15.1333,-23.2167,23.04,84,41,7.92,CV,1720570120
207,mogocha,53.7333,119.7667,24.47,56,48,1.06,RU,1720570121
208,tsagan aman,47.5639,46.7218,23.1,39,0,3.22,RU,1720570122
209,talnakh,69.4865,88.3972,17.56,65,6,1.53,RU,1720570123
210,souillac,-20.5167,57.5167,16.86,67,6,3.0,MU,1720570123
211,nanao,37.05,136.9667,25.66,97,100,4.07,JP,1720570124
212,turpan,42.9333,89.1667,32.66,31,41,1.52,CN,1720570125
213,sinan,34.8262,126.1086,20.98,99,100,8.81,KR,1720570126
214,nuku'alofa,-21.1333,-175.2,24.19,64,75,8.23,TO,1720570127
215,parasia,22.2,78.7667,23.68,95,67,1.93,IN,1720570127
216,lamar,33.6668,-95.5836,30.55,55,0,1.36,US,1720570128
217,grand falls-windsor,48.9332,-55.6649,21.95,84,99,0.45,CA,1720570129
218,coquimbo,-29.9533,-71.3436,10.85,77,100,1.54,CL,1720570130
219,zaragoza,41.6561,-0.8773,26.38,64,0,3.09,ES,1720570130
220,smara,26.7384,-11.6719,19.76,74,0,6.22,EH,1720570131
221,wangqing,43.3218,129.7634,21.68,51,0,1.17,CN,1720570132
222,farsan,32.2569,50.561,20.1,20,4,2.24,IR,1720570133
223,itamarandiba,-17.8572,-42.8589,16.97,61,9,1.74,BR,1720570134
224,alesund,62.4723,6.1549,12.64,92,38,3.09,NO,1720570134
225,carora,10.1755,-70.0827,29.14,50,90,8.29,VE,1720570135
226,cidade velha,14.9167,-23.6167,24.17,75,44,4.98,CV,1720570136
227,weno,7.4515,151.8468,30.97,89,100,2.06,FM,1720570137
228,guigang,23.0964,109.6092,27.62,85,51,2.44,CN,1720570138
229,roma,43.2128,-75.4557,27.75,77,40,2.57,US,1720570138
230,uturoa,-16.7333,-151.4333,25.97,72,11,2.43,PF,1720570140
231,enewetak,11.3474,162.3373,28.87,73,10,7.08,MH,1720570141
232,dunedin,-45.8742,170.5036,8.78,90,80,1.76,NZ,1720570141
233,yung shue wan,22.2333,114.1167,30.68,87,2,2.34,HK,1720570142
234,hithadhoo,-0.6,73.0833,28.41,73,72,2.69,MV,1720570104
235,marconia,40.3628,16.6876,27.09,58,0,2.56,IT,1720570144
236,swan hill,-35.3378,143.5544,10.23,69,0,2.72,AU,1720570145
237,saint-pierre,-21.3393,55.4781,16.82,63,0,2.57,RE,1720570146
238,kingscliff,-28.2667,153.5667,18.2,94,100,0.0,AU,1720570146
239,san patricio,28.017,-97.5169,32.97,59,96,6.82,US,1720570147
240,codajas,-3.8367,-62.0569,27.65,60,58,1.45,BR,1720570148
241,dawei,14.0833,98.2,26.13,86,95,0.79,MM,1720570149
242,punta arenas,-53.15,-70.9167,5.06,81,75,15.95,CL,1720570150
243,graaff-reinet,-32.2522,24.5308,11.32,44,100,4.8,ZA,1720570150
244,oranjemund,-28.55,16.4333,13.09,56,13,1.02,NA,1720570151
245,anadyr,64.75,177.4833,16.28,54,40,13.86,RU,1720569987
246,cockburn town,21.4612,-71.1419,28.28,83,0,7.38,TC,1720569900
247,kittila,67.6647,24.8936,10.08,81,0,2.57,FI,1720570153
248,rice lake,45.5061,-91.7382,27.18,48,40,0.0,US,1720570154
249,bubaque,11.2833,-15.8333,27.39,81,45,5.29,GW,1720570155
250,kayangel,8.0823,134.7173,27.63,82,100,4.77,PW,1720570156
251,iskateley,67.6803,53.1512,16.56,97,96,3.15,RU,1720570156
252,bonthe,7.5264,-12.505,24.49,91,72,3.12,SL,1720570157
253,tamanrasset,22.785,5.5228,27.95,9,0,2.06,DZ,1720570158
254,huanan,46.2167,130.5167,19.67,75,73,3.11,CN,1720570159
255,hammerfest,70.6634,23.6821,10.25,81,75,5.14,NO,1720570160
256,yarmouth,41.7057,-70.2286,25.54,90,100,6.17,US,1720570160
257,sao jose de ribamar,-2.5619,-44.0542,26.21,78,37,4.94,BR,1720570161
258,tazacorte,28.629,-17.9293,21.54,94,20,5.14,ES,1720569926
259,vadso,70.0744,29.7487,10.49,87,100,3.6,NO,1720570163
260,pontianak,-0.0333,109.3333,24.99,100,20,2.57,ID,1720570164
261,louis trichardt,-23.0439,29.9032,7.95,15,0,1.7,ZA,1720570164
262,kertih,4.5141,103.4483,25.26,89,98,2.12,MY,1720570165
263,kodinsk,58.6881,99.1844,22.11,66,83,0.76,RU,1720570008
264,leshan,29.5623,103.7639,23.31,98,100,0.74,CN,1720570167
265,la ronge,55.1001,-105.2842,23.28,43,33,3.66,CA,1720570167
266,suva,-18.1416,178.4415,24.13,72,87,7.99,FJ,1720570168
267,myeik,12.4333,98.6,27.09,82,100,1.05,MM,1720570169
268,parauna,-16.9478,-50.4486,23.35,37,2,2.01,BR,1720570170
269,ust-nera,64.5667,143.2,21.46,35,76,2.22,RU,1720569937
270,margate,51.3813,1.3862,17.17,88,90,4.93,GB,1720570171
271,papayal,-4.0761,-80.7361,23.73,64,35,1.16,PE,1720570172
272,isangel,-19.55,169.2667,27.06,61,40,7.72,VU,1720570173
273,tikrit,34.6071,43.6782,34.15,16,0,2.27,IQ,1720570174
274,cruzeiro do sul,-29.5128,-51.9853,7.51,93,100,0.53,BR,1720570174
275,villazon,-22.0866,-65.5942,5.15,6,1,10.09,BO,1720570175
276,kismayo,-0.3582,42.5454,24.9,86,94,7.34,SO,1720570176
277,ratnagiri,16.9833,73.3,25.4,87,97,1.95,IN,1720570177
278,natal,-5.795,-35.2094,24.61,88,7,3.35,BR,1720570093
279,huamachuco,-7.8,-78.0667,12.26,65,30,1.48,PE,1720570178
280,buala,-8.145,159.5921,26.92,86,100,5.09,SB,1720570179
281,rio san juan,19.6439,-70.0763,26.57,90,77,3.93,DO,1720570180
282,novyy urengoy,66.0833,76.6333,15.44,60,94,5.43,RU,1720570181
283,puerto lempira,15.2667,-83.7667,26.9,86,57,4.36,HN,1720570182
284,san antonio de pale,-1.4014,5.6325,22.43,81,73,3.84,GQ,1720570182
285,lihue,21.9789,-159.3672,28.77,67,40,6.69,US,1720570183
286,sterling,39.0062,-77.4286,33.48,64,75,2.06,US,1720570184
287,raduzhny,62.0961,77.475,15.99,66,49,3.36,RU,1720570185
288,segou,13.4317,-6.2157,28.67,63,100,3.23,ML,1720570186
289,ilhabela,-23.7781,-45.3581,18.43,94,100,0.72,BR,1720570186
290,sunne,59.8376,13.143,13.18,80,84,0.76,SE,1720570187
291,magadan,59.5667,150.8,18.2,54,50,6.54,RU,1720570188
292,geraldton,-28.7667,114.6,18.23,88,100,4.63,AU,1720570173
293,ironwood,46.4547,-90.171,24.45,47,0,2.06,US,1720570190
294,khandyga,62.6667,135.6,14.37,95,100,0.63,RU,1720570190
295,durazno,-33.4131,-56.5006,1.19,84,5,4.02,UY,1720570191
296,luganville,-15.5333,167.1667,26.08,72,89,6.97,VU,1720570192
297,pangoa,-12.1167,-73.0,19.49,98,98,0.55,PE,1720570193
298,kudahuvadhoo,2.6708,72.8944,28.35,73,44,1.98,MV,1720570193
299,ilaro,6.8865,3.0205,22.58,96,86,1.67,NG,1720570194
300,lata,40.1629,-8.3327,20.51,79,41,1.2,PT,1720570195
301,lerwick,60.1545,-1.1494,12.0,87,99,5.75,GB,1720570196
302,kerikeri,-35.2268,173.9474,17.17,83,21,3.13,NZ,1720570006
303,aldinga beach,-35.2793,138.4604,13.48,84,3,5.35,AU,1720570197
304,nungua,5.6011,-0.0771,24.58,86,52,4.96,GH,1720570198
305,port macquarie,-31.4333,152.9167,16.61,71,20,1.34,AU,1720570199
306,reggane,26.7158,0.1714,39.38,6,0,8.66,DZ,1720570200
307,merida,20.9667,-89.6167,34.01,52,75,4.12,MX,1720569929
308,saldanha,-33.0117,17.9442,13.03,84,94,6.63,ZA,1720569931
309,bam,29.106,58.357,32.39,16,33,3.74,IR,1720570202
310,rio gallegos,-51.6226,-69.2181,3.03,81,0,9.26,AR,1720569973
311,port blair,11.6667,92.75,27.31,83,90,2.85,IN,1720570203
312,pangody,65.85,74.4859,13.94,63,89,4.08,RU,1720570204
313,turkmenbasy,40.0222,52.9552,31.44,32,7,3.13,TM,1720570205
314,tocopilla,-22.092,-70.1979,16.64,76,10,5.81,CL,1720569714
315,hlukhiv,51.6782,33.9162,19.52,96,9,3.36,UA,1720570207
316,susuman,62.7833,148.1667,17.49,45,9,2.29,RU,1720570207
317,el hadjira,32.6134,5.5126,38.09,11,10,4.12,DZ,1720570208
318,new norfolk,-42.7826,147.0587,12.73,99,100,0.96,AU,1720570209
319,sawa sawa,-4.4717,39.4846,23.81,87,88,4.56,KE,1720570210
320,richards bay,-28.783,32.0377,19.31,15,0,3.52,ZA,1720570211
321,fale old settlement,-9.3852,-171.2468,28.45,76,77,7.52,TK,1720570211
322,atafu village,-8.5421,-172.5159,28.13,77,59,7.31,TK,1720570213
323,tiksi,71.6872,128.8694,14.61,51,40,1.8,RU,1720570213
324,zeya,53.75,127.2667,23.01,47,2,0.6,RU,1720570214
325,albertina,-22.2008,-46.6158,14.73,93,87,0.89,BR,1720570215
326,tofol,5.3248,163.0078,30.88,70,75,3.6,FM,1720570216
327,northam,51.0333,-4.2167,15.77,95,90,7.4,GB,1720570217
328,jiangyou,31.7667,104.7167,25.28,81,100,0.96,CN,1720570217
329,krasnyy chikoy,50.3643,108.7512,21.13,72,5,0.75,RU,1720570218
330,bamboo flat,11.7,92.7167,26.81,83,90,2.72,IN,1720570219
331,imbituba,-28.24,-48.6703,8.15,95,100,6.24,BR,1720570220
332,astrakhan,46.3497,48.0408,22.93,38,0,4.0,RU,1720570221
333,kijang,35.2442,129.2139,23.85,97,100,7.12,KR,1720570221
334,pyay,18.8167,95.2167,25.86,87,100,1.68,MM,1720570222
335,general acha,-37.377,-64.6043,3.47,59,100,2.73,AR,1720570223
336,nova sintra,14.8667,-24.7167,23.59,81,56,9.91,CV,1720570224
337,levuka,50.1834,-105.4011,29.16,32,2,4.69,CA,1720570225
338,christchurch,-43.5333,172.6333,7.75,92,100,4.12,NZ,1720569952
339,nantucket,41.2835,-70.0995,24.52,97,100,6.88,US,1720570033
340,lompoc,34.6391,-120.4579,32.08,80,0,5.36,US,1720570209
341,osorno,-40.5667,-73.15,6.17,65,0,2.06,CL,1720570228
342,bykovo,55.6361,38.0803,20.87,83,0,5.0,RU,1720570229
343,castillos,-34.1667,-53.8333,7.48,76,92,4.55,UY,1720570230
344,maun,-19.9833,23.4167,8.24,14,0,2.32,BW,1720570231
345,newman,37.3138,-121.0208,39.13,6,0,5.06,US,1720570231
346,brisas de zicatela,15.8369,-97.0419,28.26,79,98,2.82,MX,1720570232
347,yelizovo,53.1873,158.3805,12.08,100,100,3.0,RU,1720570233
348,steinbach,50.1667,8.5667,22.93,72,47,2.32,DE,1720570234
349,kouroussa,10.65,-9.8833,22.52,93,99,0.75,GN,1720570235
350,ishinomaki,38.4167,141.3,25.05,94,99,3.58,JP,1720570235
351,pont rouge,48.8833,-72.0825,19.84,92,75,2.34,CA,1720570236
352,sydney,-33.8679,151.2073,15.95,71,40,4.12,AU,1720569722
353,katsuura,35.1333,140.3,27.36,76,86,7.13,JP,1720570238
354,preobrazheniye,42.9019,133.9064,23.28,55,2,3.31,RU,1720570238
355,paka,4.6374,103.4368,25.03,89,100,1.68,MY,1720570239
356,vorontsovka,50.6132,40.3549,20.08,54,1,1.61,RU,1720570240
357,mata-utu,-13.2816,-176.1745,26.74,84,100,10.85,WF,1720570241
358,ribeira brava,32.65,-17.0667,22.35,85,0,0.64,PT,1720570241
359,cooma,-36.2333,149.1333,9.35,73,45,2.2,AU,1720570242
360,chernolesskoye,44.7156,43.7133,22.8,62,92,3.83,RU,1720570243
361,tabou,4.423,-7.3528,24.29,86,100,5.07,CI,1720570244
362,jayapura,-2.5333,140.7,27.66,68,100,1.12,ID,1720570245
363,timon,-5.0942,-42.8367,25.88,78,0,1.54,BR,1720570245
364,inhambane,-23.865,35.3833,16.25,70,0,1.81,MZ,1720570246
365,nacala,-14.5428,40.6728,18.98,72,20,3.14,MZ,1720570247
366,prabumulih,-3.45,104.25,23.19,99,87,1.29,ID,1720570248
367,ban su-ngai pa di,6.0724,101.8717,24.07,96,89,0.98,TH,1720570249
368,nanning,22.8167,108.3167,27.42,86,82,4.96,CN,1720570249
369,prince george,53.9166,-122.753,33.68,31,38,0.89,CA,1720570164
370,banda aceh,5.5577,95.3222,25.89,80,100,4.59,ID,1720570251
371,sola,-13.8833,167.55,26.04,79,99,11.45,VU,1720570252
372,lionel town,17.8101,-77.2406,29.94,79,6,5.17,JM,1720570253
373,divnogorsk,55.9594,92.3619,15.27,97,100,1.05,RU,1720570253
374,poronaysk,49.2167,143.1167,11.6,95,100,3.08,RU,1720570254
375,myshkin,57.7897,38.4545,12.74,89,15,2.96,RU,1720570255
376,kursenai,55.985,22.9189,18.14,84,34,2.98,LT,1720570256
377,vorgashor,67.5833,63.95,15.97,56,3,2.16,RU,1720570256
378,nadi,-17.8,177.4167,29.0,54,40,5.66,FJ,1720570257
379,juneau,58.3019,-134.4197,16.0,89,100,3.09,US,1720570258
380,tabas,33.5959,56.9244,33.12,18,30,2.06,IR,1720570259
381,bomdila,27.25,92.4,11.33,98,100,0.98,IN,1720570260
382,chernyshevskiy,63.0128,112.4714,18.71,78,89,2.06,RU,1720570260
383,rumoi,43.9344,141.6428,21.47,72,97,4.62,JP,1720570261
384,pemba,-12.974,40.5178,21.35,65,15,6.02,MZ,1720570262
385,dornach,47.4804,7.6164,20.71,97,95,1.63,CH,1720570264
386,sakakah,29.9697,40.2064,31.76,16,0,3.33,SA,1720570264
387,pathein,16.7833,94.7333,26.44,89,99,2.28,MM,1720570265
388,keflavik,64.0049,-22.5624,10.24,93,0,4.63,IS,1720570266
389,santa marta,11.2408,-74.199,28.33,85,39,6.51,CO,1720570267
390,palangkaraya,-2.2,113.8333,23.41,97,100,0.31,ID,1720570267
391,general pico,-35.6566,-63.7568,2.04,57,22,3.03,AR,1720570268
392,piti village,13.4626,144.6933,30.73,89,40,4.12,GU,1720570269
393,rio grande,-32.035,-52.0986,8.3,86,100,5.35,BR,1720570270
394,beroroha,-21.6667,45.1667,14.41,60,0,1.13,MG,1720570271
395,avesta,60.1455,16.1679,11.33,89,74,1.5,SE,1720570271
396,celestun,20.8667,-90.4,30.04,70,60,6.94,MX,1720570272
397,galion,40.7337,-82.7899,27.57,92,100,4.29,US,1720570273
398,hadibu,12.65,54.0333,26.56,83,90,9.78,YE,1720570274
399,ujae,8.9322,165.7642,28.35,80,81,7.98,MH,1720570274
400,cannonvale,-20.2833,148.7,22.55,78,37,5.71,AU,1720570275
401,caala,-12.8525,15.5606,12.2,27,0,1.27,AO,1720570276
402,paita,-5.0892,-81.1144,19.36,79,27,8.22,PE,1720570278
403,lashio,22.9333,97.75,20.74,99,100,0.18,MM,1720570278
404,ancud,-41.8697,-73.8203,3.95,81,2,2.55,CL,1720570279
405,arraial do cabo,-22.9661,-42.0278,21.52,90,100,2.05,BR,1720570247
406,humaita,-7.5061,-63.0208,29.06,44,48,1.45,BR,1720570281
407,majuro,7.0897,171.3803,28.98,79,100,4.63,MH,1720570227
408,mount gambier,-37.8333,140.7667,7.82,84,14,2.61,AU,1720570282
409,durant,33.994,-96.3708,32.24,52,0,2.6,US,1720570147
410,al bawiti,28.3492,28.8659,29.16,40,0,2.49,EG,1720570284
411,medicine hat,50.0501,-110.6683,32.14,24,0,3.13,CA,1720570285
412,kande,9.9578,1.0447,22.95,85,34,1.91,TG,1720570285
413,alta,69.9689,23.2717,11.22,71,0,2.06,NO,1720570286
414,aasiaat,68.7098,-52.8699,2.87,92,100,0.85,GL,1720570287
415,rongelap,11.1635,166.8941,28.36,76,4,7.9,MH,1720570288
416,cabo san lucas,22.8909,-109.9124,34.17,40,0,3.6,MX,1720570061
417,kutum,14.2,24.6667,27.46,42,96,3.44,SD,1720570289
418,timbauba,-7.5053,-35.3183,21.36,96,34,2.05,BR,1720570290
419,brokopondo,4.75,-55.1667,25.8,85,96,3.37,SR,1720570291
420,beya,53.0533,90.9139,19.1,87,100,1.21,RU,1720570291
421,waddan,29.1614,16.139,28.77,29,0,0.81,LY,1720570292
422,llanes,43.4198,-4.7549,19.07,90,86,2.88,ES,1720570293
423,pocone,-16.2567,-56.6228,16.79,64,19,2.92,BR,1720570294
424,sarkand,45.41,79.9186,19.34,53,73,2.42,KZ,1720570295
425,pemangkat,1.1667,108.9667,24.59,90,100,5.03,ID,1720570295
426,leer,53.2316,7.461,19.99,95,100,3.43,DE,1720570296
427,mtambile,-5.3833,39.7,24.73,81,69,5.56,TZ,1720570298
428,abepura,-2.6333,140.5833,27.45,83,20,1.03,ID,1720570299
429,aripuana,-9.1667,-60.6333,26.04,47,0,0.48,BR,1720570153
430,shihezi,44.3,86.0333,23.04,63,100,3.53,CN,1720570300
431,shalqar,47.8333,59.6,28.77,36,85,3.76,KZ,1720570301
432,menongue,-14.6585,17.691,8.7,28,0,2.37,AO,1720570302
433,paradip garh,20.3167,86.6167,28.44,82,99,4.73,IN,1720570302
434,lahad datu,5.0268,118.327,24.15,94,100,0.94,MY,1720570303
435,mana,5.6592,-53.7767,25.17,88,100,1.67,GF,1720570304
436,cestos city,5.46,-9.5828,25.0,83,74,5.73,LR,1720570305
437,yaren,-0.5472,166.916,28.97,76,97,4.81,NR,1720570305
438,carauari,-4.8828,-66.8958,25.59,70,76,0.7,BR,1720570306
439,ulverstone,-41.15,146.1667,11.51,99,100,0.62,AU,1720570307
440,barreiras,-12.1528,-44.99,22.15,34,8,0.81,BR,1720570308
441,pantai remis,4.4557,100.6288,24.28,88,79,0.73,MY,1720570309
442,kem',64.9555,34.5793,13.31,76,52,3.39,RU,1720570309
443,aykhal,66.0,111.5,18.3,76,100,5.15,RU,1720570310
444,kailua-kona,19.6406,-155.9956,28.98,83,75,6.17,US,1720570311
445,ushibukamachi,32.1906,130.0228,26.96,87,51,6.02,JP,1720570312
446,vuktyl,63.8567,57.3094,19.71,73,33,2.33,RU,1720570313
447,dock junction,31.2025,-81.5168,25.0,99,100,4.63,US,1720570313
448,chernomorskoye,45.5039,32.6997,25.75,67,97,6.56,UA,1720570314
449,talakan,50.3167,130.3667,19.38,54,26,1.98,RU,1720570315
450,greymouth,-42.4667,171.2,9.96,68,100,1.09,NZ,1720570316
451,isla mujeres,21.2311,-86.731,29.03,87,100,4.15,MX,1720570317
452,avarua,-21.2078,-159.775,23.03,60,75,2.57,CK,1720570318
453,canavieiras,-15.675,-38.9472,22.32,87,1,2.01,BR,1720570319
454,tsumeb,-19.2333,17.7167,12.68,18,0,3.87,NA,1720570320
455,al jaradiyah,16.5795,42.9124,33.72,58,94,2.65,SA,1720570320
456,gambela,8.25,34.5833,21.89,78,54,1.13,ET,1720570321
457,nadym,65.5333,72.5167,13.59,63,52,3.98,RU,1720570322
458,qianzhou,28.3167,109.7167,25.95,84,88,0.91,CN,1720570323
459,teknaf,20.8624,92.3058,27.15,83,98,2.16,BD,1720570324
460,port douglas,-16.4833,145.4667,22.73,71,40,2.23,AU,1720570307
461,dudinka,69.4058,86.1778,17.08,69,0,3.73,RU,1720570145
462,tadine,-21.55,167.8833,23.68,71,26,7.85,NC,1720570112
463,halifax,44.6453,-63.5724,21.49,86,100,2.68,CA,1720570175
464,mek'ele,13.4967,39.4753,16.82,81,80,1.74,ET,1720570327
465,kimbe,-5.5502,150.1429,30.23,65,77,3.84,PG,1720570328
466,sohbatpur,28.5202,68.5434,34.43,50,100,3.7,PK,1720570329
467,coahuayana de hidalgo,18.7,-103.6583,27.48,87,100,1.03,MX,1720570330
468,alice springs,-23.7,133.8833,11.75,66,2,1.03,AU,1720570330
469,lakatoro,-16.0999,167.4164,26.38,68,85,8.24,VU,1720570331
470,posto fiscal rolim de moura,-13.0833,-62.2667,21.47,57,0,1.29,BR,1720570332
471,cambria,35.5641,-121.0808,41.41,57,21,5.92,US,1720570333
472,kidal,18.4411,1.4078,32.65,31,45,1.99,ML,1720570333
473,portland,45.5234,-122.6762,40.36,23,75,5.14,US,1720570073
474,las heras,-46.5419,-68.9359,-1.45,79,43,8.78,AR,1720570335
475,dzhalil',55.0239,52.7358,15.03,88,40,3.02,RU,1720570336
476,pacific grove,36.6177,-121.9166,24.19,83,20,5.14,US,1720570337
477,solleftea,63.1667,17.2667,9.92,78,79,0.96,SE,1720570337
478,mikhaylovskoye,51.8239,79.7172,17.23,69,62,2.12,RU,1720570338
479,kristiansund,63.1115,7.732,11.36,53,22,2.06,NO,1720570339
480,scarborough,54.2797,-0.4044,17.76,94,100,1.79,GB,1720570340
481,jalgaon jamod,21.0486,76.5344,24.86,89,100,4.49,IN,1720570340
482,novo aripuana,-5.1206,-60.3797,27.07,52,2,1.04,BR,1720570341
483,zhangjiakou,40.81,114.8794,23.87,64,100,0.61,CN,1720570342
484,srivardhan,18.0333,73.0167,25.32,89,94,3.05,IN,1720570343
485,shaowu,27.3409,117.4831,29.33,68,98,0.82,CN,1720570344
486,kisangani,0.5167,25.2,23.51,85,67,1.08,CD,1720570344
487,al ghayzah,16.2079,52.176,26.63,91,95,3.03,YE,1720570345
488,patur,20.45,76.9333,24.9,92,100,3.76,IN,1720570346
489,luanda,-8.8368,13.2343,19.17,92,4,3.44,AO,1720570347
490,knyaze-volkonskoye,48.4642,135.4567,16.19,81,100,1.86,RU,1720570348
491,fortuna,40.5982,-124.1573,18.51,88,0,6.17,US,1720570348
492,mwanza,-2.5167,32.9,21.53,72,77,1.96,TZ,1720570349
493,pisco,-13.7,-76.2167,17.03,82,0,4.63,PE,1720570350
494,coihueco,-36.6167,-71.8333,0.41,100,100,3.6,CL,1720570351
495,guadalupe y calvo,26.1,-106.9667,22.88,41,100,2.16,MX,1720570351
496,zhanaozen,43.3,52.8,29.15,31,0,3.82,KZ,1720570352
497,amreli,21.6167,71.2333,27.22,83,100,5.46,IN,1720570353
498,bodo,67.28,14.405,11.02,82,75,5.66,NO,1720570354
499,thinadhoo,0.5333,72.9333,28.38,73,46,1.84,MV,1720570355
500,salmon arm,50.6998,-119.3024,40.24,46,1,1.03,CA,1720570356
501,puerto colombia,10.9878,-74.9547,30.05,85,30,6.42,CO,1720570357
502,at-bashi,41.1702,75.8106,11.58,67,74,0.42,KG,1720570358
503,ciudad lazaro cardenas,17.9583,-102.2,27.95,74,99,2.73,MX,1720570358
504,bikenibeu village,1.3673,173.1241,30.98,74,20,3.09,KI,1720570264
505,worthington,40.0931,-83.018,30.03,61,0,3.6,US,1720570360
506,homer,59.6425,-151.5483,15.94,63,100,2.57,US,1720570361
507,harper,4.375,-7.7169,24.41,84,100,5.31,LR,1720570362
508,volterra,43.4003,10.86,20.27,64,4,0.19,IT,1720570362
509,igrim,63.1906,64.4162,18.24,65,29,1.18,RU,1720570363
510,yuzhno-kurilsk,44.0306,145.8556,16.08,95,100,1.14,RU,1720570364
511,djamaa,33.5339,5.9931,37.5,10,9,5.09,DZ,1720570365
512,falmouth,50.1544,-5.0711,15.5,94,100,5.66,GB,1720570366
513,hindupur,13.8289,77.4933,22.61,79,97,3.62,IN,1720570366
514,taroudant,30.4703,-8.877,19.68,69,0,1.66,MA,1720570367
515,griffith,41.5284,-87.4237,22.27,94,40,4.12,US,1720570368
516,vanimo,-2.6741,141.3028,29.14,69,99,1.98,PG,1720570369
517,zhangatas,43.5667,69.75,21.43,48,79,1.32,KZ,1720570369
518,ocean city,39.2776,-74.5746,28.14,83,100,2.24,US,1720570370
519,gemena,3.25,19.7667,20.92,99,84,1.13,CD,1720570371
520,kone,-21.0595,164.8658,26.17,57,67,4.09,NC,1720570372
521,mabamba,-3.5983,30.5019,19.42,52,71,0.06,TZ,1720570373
522,island harbour,50.724,-1.2758,16.23,67,32,2.68,GB,1720570373
523,sao joao da barra,-21.6403,-41.0511,22.67,91,71,2.8,BR,1720570374
524,al jubayl,27.0112,49.6583,34.99,52,22,5.16,SA,1720570375
525,illapel,-31.6308,-71.1653,5.98,91,0,1.55,CL,1720570376
526,grand gaube,-20.0064,57.6608,19.1,76,5,0.45,MU,1720570377
527,thunder bay,48.4001,-89.3168,23.08,69,69,0.66,CA,1720570377
528,altamont,42.2068,-121.7372,37.72,20,0,5.14,US,1720570378
529,byford,-32.2167,116.0,15.53,95,75,3.6,AU,1720570235
530,ahar,38.4774,47.0699,19.54,59,2,2.15,IR,1720570380
531,el parral,16.3675,-93.0058,28.71,89,76,0.67,MX,1720570380
532,palmer,42.1584,-72.3287,28.02,70,75,5.66,US,1720570382
533,kayyerkan,69.3786,87.7439,13.16,81,17,2.56,RU,1720570383
534,north side,19.35,-81.2,29.47,85,100,5.66,KY,1720570384
535,kissidougou,9.1848,-10.0999,20.62,99,93,2.48,GN,1720570384
536,kalmunai,7.4167,81.8167,26.63,80,58,2.87,LK,1720570385
537,bechar,31.6167,-2.2167,34.21,7,0,5.22,DZ,1720570386
538,fort saskatchewan,53.7168,-113.2187,32.62,49,1,3.91,CA,1720570387
539,ballina,-28.8667,153.5667,21.55,80,33,2.5,AU,1720570244
540,mount isa,-20.7333,139.5,17.87,45,24,3.6,AU,1720570389
541,grand-lahou,5.1367,-5.0242,24.3,88,97,4.68,CI,1720570390
542,port isabel,26.0734,-97.2086,31.14,75,5,6.43,US,1720570297
543,qina,26.1642,32.7267,32.48,21,0,2.7,EG,1720570391
544,vila velha,-20.3297,-40.2925,23.86,88,17,3.13,BR,1720570392
545,hola,51.5377,23.1902,18.1,75,0,3.24,PL,1720570393
546,charters towers,-20.1,146.2667,21.9,59,62,2.34,AU,1720570394
547,bryan,30.6744,-96.37,33.82,50,0,2.24,US,1720570220
548,santa catarina mita,14.45,-89.75,20.4,100,100,1.19,GT,1720570395
549,paramonga,-10.6667,-77.8333,17.23,83,45,4.72,PE,1720570396
550,la'ie,21.6477,-157.9253,30.0,69,0,2.68,US,1720570397
551,semenivka,52.1783,32.5818,18.36,97,1,3.59,UA,1720570398
552,tanjung selor,2.8372,117.3642,23.28,98,100,0.73,ID,1720570399
553,rusape,-18.5278,32.1284,7.31,38,0,1.03,ZW,1720570400
554,aparecida do taboado,-20.0867,-51.0936,17.94,75,33,4.66,BR,1720570401
555,kabansk,52.0486,106.6528,20.86,85,98,1.08,RU,1720570402
556,cascais,38.6979,-9.4215,21.39,95,44,5.81,PT,1720570402
557,jieshi,22.8134,115.8257,29.54,74,2,2.53,CN,1720570403
558,severobaykal'sk,55.65,109.3167,16.05,77,99,0.75,RU,1720570404
559,takaungu,-3.6837,39.8566,23.96,88,89,5.57,KE,1720570405
560,fraserburgh,57.6874,-2.0184,13.4,95,100,7.65,GB,1720570405
561,beitbridge,-22.2167,30.0,11.07,12,0,2.53,ZW,1720570406
562,bodden town,19.2833,-81.25,29.43,85,100,2.24,KY,1720570407
563,dul'durga,50.6761,113.5931,25.79,46,3,0.38,RU,1720570408
564,sodra sandby,56.5667,16.6167,15.5,90,92,4.88,SE,1720570409
565,fuglafjordur,62.244,-6.814,7.26,88,50,1.56,FO,1720570409
566,lodwar,3.1191,35.5973,29.78,42,94,5.77,KE,1720570410
567,altai,46.3722,96.2583,17.85,42,64,3.12,MN,1720570411
